[
  {
    "id": "8230dcf9-4e98-4cd9-b840-ea057adcb227",
    "titulo": "MATERIALES PELIGROSOS (INCIDENTE) / FUGA GAS GLP Y OTROS GASES INFLAM / BALON DOMICILIARIO (10KG)",
    "parte": 2024025057,
    "direccion": "CL. ISABEL II  200  - SAN JUAN DE LURIGANCHO",
    "fecha": "2024-07-15T00:00:00.000Z",
    "hora": "00:38:23",
    "state": true,
    "createdAt": "2024-07-15T05:42:00.702Z",
    "updatedAt": "2024-07-15T05:42:00.702Z",
    "deletedAt": null
  },
  {
    "id": "b59ad1ff-e293-4f15-bc39-d4634df8fe8e",
    "titulo": "EMERGENCIA MEDICA / TRAUMATICAS / HERIDO POR CAIDA",
    "parte": 2024025029,
    "direccion": "CL. EL HABITO  827  - SAN JUAN DE LURIGANCHO",
    "fecha": "2024-07-14T00:00:00.000Z",
    "hora": "17:34:23",
    "state": true,
    "createdAt": "2024-07-15T01:58:01.357Z",
    "updatedAt": "2024-07-15T01:58:01.357Z",
    "deletedAt": null
  },
  {
    "id": "d45973c4-b4a1-401e-b98f-fa7723264226",
    "titulo": "EMERGENCIA MEDICA / TIPO MEDICO / PROBLEMAS CARDIACOS",
    "parte": 2024025003,
    "direccion": "JR. MARMOL (LAS INTIMPAS) (MADRESELVA) (167) (5)  877  - SAN JUAN DE LURIGANCHO",
    "fecha": "2024-07-14T00:00:00.000Z",
    "hora": "14:14:06",
    "state": true,
    "createdAt": "2024-07-15T01:58:01.380Z",
    "updatedAt": "2024-07-15T01:58:01.380Z",
    "deletedAt": null
  },
  {
    "id": "d05dc2fa-388e-4a69-a82b-3a395b984613",
    "titulo": "MATERIALES PELIGROSOS (INCIDENTE) / FUGA GAS GLP Y OTROS GASES INFLAM / BALON DOMICILIARIO (10KG)",
    "parte": 2024024978,
    "direccion": "AS. AYACUCHO D1 LT 4    - SAN JUAN DE LURIGANCHO",
    "fecha": "2024-07-14T00:00:00.000Z",
    "hora": "10:00:36",
    "state": true,
    "createdAt": "2024-07-15T01:58:01.392Z",
    "updatedAt": "2024-07-15T01:58:01.392Z",
    "deletedAt": null
  },
  {
    "id": "7b728277-66a6-4732-98d7-82dcdc995e77",
    "titulo": "MATERIALES PELIGROSOS (INCIDENTE) / FUGA GAS GLP Y OTROS GASES INFLAM / BALON DOMICILIARIO (10KG)",
    "parte": 2024024944,
    "direccion": "CL. LAS BELLOTITAS (3) (39)  1225  - SAN JUAN DE LURIGANCHO",
    "fecha": "2024-07-14T00:00:00.000Z",
    "hora": "00:14:41",
    "state": true,
    "createdAt": "2024-07-14T05:20:01.383Z",
    "updatedAt": "2024-07-14T05:20:01.383Z",
    "deletedAt": null
  },
  {
    "id": "42292a08-b93e-4c02-9359-48da19b32b51",
    "titulo": "EMERGENCIA MEDICA / TRAUMATICAS / HERIDO POR CAIDA",
    "parte": 2024024915,
    "direccion": "JR. TIAHUANACO  1721  - SAN JUAN DE LURIGANCHO",
    "fecha": "2024-07-13T00:00:00.000Z",
    "hora": "19:21:21",
    "state": true,
    "createdAt": "2024-07-14T02:48:01.766Z",
    "updatedAt": "2024-07-14T02:48:01.766Z",
    "deletedAt": null
  },
  {
    "id": "27465254-4b54-4bba-8c9a-680341121fab",
    "titulo": "EMERGENCIA MEDICA / TIPO MEDICO / DERRAME CEREBRAL - ACV",
    "parte": 2024024897,
    "direccion": "AV. GRAN CHIMU  401  - SAN JUAN DE LURIGANCHO",
    "fecha": "2024-07-13T00:00:00.000Z",
    "hora": "16:58:19",
    "state": true,
    "createdAt": "2024-07-14T02:48:01.778Z",
    "updatedAt": "2024-07-14T02:48:01.778Z",
    "deletedAt": null
  },
  {
    "id": "eace13a1-dd28-4b7e-85c7-0b6258df8bfe",
    "titulo": "MATERIALES PELIGROSOS (INCIDENTE) / FUGA GAS GLP Y OTROS GASES INFLAM / BALON DOMICILIARIO (10KG)",
    "parte": 2024024880,
    "direccion": "JR. LOS ARANDANOS (16)  876  - SAN JUAN DE LURIGANCHO",
    "fecha": "2024-07-13T00:00:00.000Z",
    "hora": "14:40:20",
    "state": true,
    "createdAt": "2024-07-14T02:48:01.806Z",
    "updatedAt": "2024-07-14T02:48:01.806Z",
    "deletedAt": null
  },
  {
    "id": "20e4b48b-24c1-487a-8d81-8ef2649bf50b",
    "titulo": "2 MATERIALES PELIGROSOS (INCIDENTE) / FUGA GAS GLP Y OTROS GASES INFLAM / BALON DOMICILIARIO (10KG)",
    "parte": 2024024807,
    "direccion": "AS. LOS ALAMOS H1 LOTE 7    - SAN JUAN DE LURIGANCHO",
    "fecha": "2024-07-13T00:00:00.000Z",
    "hora": "03:51:36",
    "state": true,
    "createdAt": "2024-07-14T02:48:01.898Z",
    "updatedAt": "2024-07-14T02:48:01.898Z",
    "deletedAt": null
  },
  {
    "id": "1d1c258d-ddad-4955-b75c-a5b740398232",
    "titulo": "9 EMERGENCIA MEDICA / TRAUMATICAS / HERIDO POR CAIDA",
    "parte": 2024024800,
    "direccion": "HEROES DE LA BREÑA AV SANTA ROSA - SAN JUAN DE LURIGANCHO",
    "fecha": "2024-07-13T00:00:00.000Z",
    "hora": "01:52:02",
    "state": true,
    "createdAt": "2024-07-14T02:48:01.923Z",
    "updatedAt": "2024-07-14T02:48:01.923Z",
    "deletedAt": null
  },
  {
    "id": "98fa3ad0-658e-4802-9cc2-97fa3109e916",
    "titulo": "4 ACCIDENTE VEHICULAR / PARTICULAR / DESPISTE DE MOTO",
    "parte": 2024024785,
    "direccion": "ENTRADA DEL TUNEL - SAN JUAN DE LURIGANCHO",
    "fecha": "2024-07-12T00:00:00.000Z",
    "hora": "22:24:36",
    "state": true,
    "createdAt": "2024-07-14T02:48:01.955Z",
    "updatedAt": "2024-07-14T02:48:01.955Z",
    "deletedAt": null
  }
]